{
  "project_info": {
    "project_number": "881603299073",
    "project_id": "repoapp2-78657",
    "storage_bucket": "repoapp2-78657.appspot.com"
  },
  "client": [
    {
      "client_info": {
        "mobilesdk_app_id": "1:881603299073:android:2dcd3d07a08882f2e7fd00",
        "android_client_info": {
          "package_name": "com.example.repoapp"
        }
      },
      "oauth_client": [
        {
          "client_id": "881603299073-1f6oe551n6kqv3okbm25o9s3sdktmgpl.apps.googleusercontent.com",
          "client_type": 3
        }
      ],
      "api_key": [
        {
          "current_key": "AIzaSyBa0HPzrHm4rKnXvBninE0VKZE5oeG-Www"
        }
      ],
      "services": {
        "appinvite_service": {
          "other_platform_oauth_client": [
            {
              "client_id": "881603299073-1f6oe551n6kqv3okbm25o9s3sdktmgpl.apps.googleusercontent.com",
              "client_type": 3
            }
          ]
        }
      }
    }
  ],
  "configuration_version": "1"
}